"company","website","place of business","primary contact","servicing markets","supported languages"	
"(1) Modosecurity Inc.","www.modosecurity.ca","Canada","Jei Lee  Jei@modosecurity.ca T- +1-416-271-9788","Canada","English"
"1st Secure IT, LLC","www.1stsecureIT.com","USA, Chile, Ecuador, Mexico, Peru, Colombia, Argentina, Costa Rica, Dominican Republic, Panama, Puerto Rico, Uruguay, Venezuela, Brazil, Spain","Alberto Espana (Latin America) aespana@1stsecureit.com T: +1-866-735-3369  Mark Akins (USA) makins@1stsecureit.com T: +1-866-735-3369 ext. 120   Jose San Juan (Spain) jsanjuan@1stsecureit.com T: +34 911 74 35 66  Abelardo Rodrigues (Brazil) arodrigues@1stsecureit.com T: +1-866-735-3369 ext. 150","Europe, LAC, USA","English, Portuguese, Spanish"
"2-sec Ltd.","www.2-sec.com","UK, Belgium, Central Europe, Eastern Europe, Europe, Finland, France, Ireland, Italy, Luxembourg, Netherlands, Scotland, Wales, Norway, Poland, Portugal, Spain, Sweden, Switzerland","Tim Holman (Europe) tim.holman@2-sec.com T-44-(0)8445022066 Julian Dana (Spain, Portugal) julian.dana@2-sec.com  +55-21-968-33350","Europe","English, Afrikaans, Arabic, Bulgarian, Chinese (Mandarin), French, German, Italian, Polish, Russian, Spanish, Portuguese"
"360 Advanced, Inc.","www.360advanced.com","USA","Eric Ratcliffe eratcliffe@360advanced.com (866) 418-1708 extension 710","USA","English"
"366 Security and Compliance AB","www.366secom.com","Sweden, Italy, Turkey","Enrico Ermanno Dall'Ara (Europe) qsa@366secom.com   +46 735 242458   Amedeo Lupinelli (Italy)  +39 393 9100090","Europe","English, French, Italian, Spanish, Swedish, Turkish"
"3B Data Security LLP","www.3BDatasecurity.com","UK","Benn Morris Benn.Morris@3BDatasecurity.com T: +44 (0) 1223 298 333","Europe","English"
"7Safe Limited","www.7safe.com","UK","Sujith Madathil Parambath Sujith.Madathil.Parambath@PACONSULTING.COM T: +44 1763 261222","Europe","English, German, Spanish"
"@ Mediaservice.net S.R.L.","www.mediaservice.net","Italy","Marco Ivaldi pci@mediaservice.net +390113272100","Europe","English, Italian"
"A2 Secure Technologias Informatica, Sociedad Ltd.","www.a2secure.com","Spain","Pelayo Cuviella pcuviella@a2secure.com T - 0034-933945600","Europe","English, Spanish, Catalan"
"Abrams Security Group, LLC","www.abramsSecurity.com","USA","Jeff Schlauder Jeff.Schlauder@AbramsSecurity.com T-866-658-9511","USA","English"
"AccessIT Group, Inc","www.accessitgroup.com","USA","Peter Mollett petem@accessitgroup.com T- 610-783-5200","USA","English"
"Accudata Systems","www.accudatasystems.com","USA","Sara Thomason    pciqsa@accudatasystems.com   T: +1-800-246-4908","Canada, USA","English"
"ACSN Limited","www.acsn.co.uk","UK","Jason Wilkes info@acsn.co.uk +44 020 7324 6250","Europe","English"
"Adsigo AG","www.adsigo.com","Germany, Switzerland","Adsigo PCI Team sales@adsigo.com +49 176 1235 0900","CEMEA, Europe","English, German, Russian"
"Advantio Limited","www.advantio.com","Ireland, Italy, Luxembourg, France, UK, Lithuania, Ukraine, Germany, Portugal, Spain","Marco Borza contact@advantio.com T: +353 (0)1 5065556","CEMEA, USA, Europe","English, Italian, French, Russian, Bulgarian, Dutch, Lithuanian, Ukrainian, Persian, German, Spanish"
"Aeris Secure","www.AerisSecure.com","USA","Michael Stiles qsa@aerissecure.com T 214.556.6613","Singapore, USA","English, Portuguese, Spanish, Thai"
"AGES Systems Gelderfarenit PTE LTD","www.ages-sg.com","Singapore, China","Francis Goh (Primary) francis@ages-sg.com T: +65 9781 7311  Carl Yeo (Secondary) carl.yeo@ages-sg.com T: +65 9638 6936  Xiaofan Andy Wu (China) andy@ages-sg.com T: +86 138 0354 7740","Asia Pacific","English, Mandarin, Chinese (Simplified), Chinese (Traditional)"
"Agio, LLC","www.agio.com/PCI","USA","Chris Harper  chris.harper@agio.com T- (919) 880-4038","USA","English"
"Anitian Corporation","www.anitian.com","USA","Jordan Wiseman jordan.wiseman@anitian.com","Canada, USA","English"
"Aperia Solutions","www.aperiasolutions.com","USA","Breon Doss bdoss@aperiasolutions.com T+1-469-443-3282","USA","English"
"Apersky Consulting LLC","www.apersky.com","Hungary","Csaba Gaspar pci@apersky.com T- 36-70-421-0247","CEMEA, Europe","English, Hungarian"
"Applied Trust Engineering","www.atrust.com","USA","Paul Nelson paul@appliedtrust.com","USA","English"
"AppSec Consulting","www.appsecconsulting.com","USA","Brian Bertacini brian@appsecconsulting.com T- 408-723-1960","USA","English"
"Aprio, LLP","www.hawcpa.com","USA","Dan Schroeder dan.schroeder@aprio.com T-770-353-8379","USA","English"
"Archsys Incorporated","www.archsys-inc.com","USA","Malcolm Burton mburton@archsys-inc.com T- 1-972-607-3759","USA","English"
"ASR.Co., LTD","www.armsr.co.jp","Japan","Hironori Nishiyama toiawase@armsr.co.jp T- 81-3-3666-8757","Japan","Japanese"
"AT&T Consulting Solutions","www.corp.att.com/consulting","Australia, UK, USA","Richard Nadzam(USA)  PCI@ATT.COM T (408) 223-5196","Europe, LAC, USA, CEMEA","English, Spanish, French, Chinese (Mandarin), Dutch, German, Serbian, Croatian, Montenegro, Bosnian, Herzegovina, Macedonian, Slovenian, Hebrew"
"Athena Tunisie","www.athena-experts.com","Tunisia","Wadi Mseddi wmseddi@athena-experts.com","CEMEA","Arabic, English, French"
"Ather Technology Limited, dba Cianaa Technology","www.cianaatech.com","Saudi Arabia, New Zealand","Rizwan Ahmad r.ahmad@cianaatech.com T++966-11-4631208 (Saudia) T+6493904252 (New Zealand)","APAC, Europe, CEMEA","Arabic, English"
"Atos Consulting Ltd.","www.atos.net","UK, Spain, Malaysia","Tim Gillott PCI-DSS@atos.net  T: +447733 303172","Europe","English, Spanish"
"atsec (Beijing) Information Technology Co., Ltd","www.atsec.com","China, Germany, Sweden, USA","Yan Liu  yan@atsec.com T- 86-10-8289-3001","Canada, Europe, USA, Asia Pacific","Chinese, English"
"Attack Research","www.attackresearch.com","USA","Isabel Raven belraven@attackresearch.com T-505-629-5032","USA","English"
"Auditwerx, LLC","www.auditwerx.com","USA","Stacy Martin smartin@auditwerx.com T 813 207 2907","Canada, USA","English"
"Avnet Information Security Ltd.","www.avnet.co.il","Israel","Yaki Zimmerman yaki@avnet.co.il T-03-9560074","Europe","English, Hebrew"
"BAE Systems Applied Intelligence PTY Limited","www.baesystems.com/businessdefence","Australia","Svetlana Moran svetlana.moran@baesystems.com T: +61 (0) 292404620","Australia","Arabic, Cantonese, English, Finnish, French, Indonesian, Hakka (spoken only), Mandarin, Polish, Russian, Swedish, Bosnian, Croatian, Hindi, Macedonian, Marathi, Serbian, Slovenian, Spanish, Montenegrin"
"BAE Systems Applied Intelligence US Corp.","www.perimeterusa.com","USA","Jeff Jackson jeff.jackson@baesystems.com  T-1-919-228-2525","USA","English"
"BDO LLP","www.bdo.co.UK","UK","Omer Tariq omer.tariq@bdo.co.uk  T-44 (0)20 7893 3722","Europe","English"
"BDO USA, LLP","www.bdo.com","USA","Fred Brantner fbrantner@bdo.com T: (952) 853-5829","USA","English, Spanish"
"Beijing Secspace Technology Co. LTD","www.secspace.com","China","Fang Wu fangwu@secspace.com T- 0086-010-59433750","Asia Pacific","Chinese, English"
"Beijing UGTech Co. Ltd.","www.ugtech.com.cn","China","He Wang wanghe@ugtech.com.cn  T:+10-85200188","China","Chinese, English"
"Beijing Unionpay Card Technology Co. LTD","www.bctest.com","China","Olina Wang wang.f@bctest.com T: +86 10 5805 5955","China","Chinese (Mandarin), English"
"Beijing Zhihuiyunce Technology Co., LTD.","www.dplslab.com","China","Haibin Li lichen@dplslab.com T: +86 10 608011694-807","China","Chinese, English"
"Bell Canada","www.bell.ca","Canada","Marie.Babineau marie.babineau@bell.ca T: 514-870-3077","Canada","English, French"
"Berry, Dunn, McNeil & Parker, LLC","www.berrydunn.com","USA","William Brown bbrown@berrydunn.com T: 1-207-774-2375","USA","English"
"Biznet Bilisim Sistemleri A.S","www.biznet.com.tr","Turkey","Sefa Karabulut sefa.karabulut@biznet.com.tr T: +90 533 424 8730","CEMEA, Europe","English, Turkish"
"Bl4ckswan S.r.l.","www.bl4ckswan.com","Italy","Francesco Morini pci-dss@Bl4ckswan.com T+39 3271959944","Europe","English, French, Italian, Spanish"
"Black Hills Information Security","www.blackhillsinfosec.com","USA","Sally Vandeven qsa@blackhillsinfosec.com T: 701-484-BHIS (2447)","USA","Dutch, English, Russian"
"Blackfoot UK Ltd.","www.BlackfootUK.com","UK","Alex Dewar QSA@BlackfootUK.com T- 44 07720 638395","Europe","English"
"BMS Consulting LLC","www.bms-consulting.com","Ukraine","Dmitriy Petrashchuk qsa@bms-consulting.com +380 44 499-6969","Europe, CEMEA","English, Russian, Ukrainian"
"Bonadio & Co. LLP","www.bonadio.com","USA","Charlie Wood cwood@bonadio.com 1-585-249-2757","USA","English"
"Bravecraft (Pty) Ltd","www.bravecraft.net","South Africa","Pieter van Niekerk  Pieter@bravecraft.net Office +27 12661-5472 Mobile +27(0)82 824 5709","CEMEA","English"
"BroadBand Security, Inc. (BBSec)","www.bbsec.co.jp","Japan, South Korea","Takafumi Shido (Japan) qsa@bbsec.co.jp T: +81-3-5338-7417   Park Jae Bum (South Korea) pcidss@bbsec.co.kr  T: +82-2-6011-4640","Europe, USA, Asia Pacific","Japanese, English, Korean, French"
"Brown Smith Wallace, LLC","www.bswllc.com","USA","Bill Gogel 314.983.1363 BGogel@bswllc.com","USA","English"
"BSI Cybersecurity and Information Resilience (UK)","www.info-assure.co.uk","UK","Martin Walsham martin.walsham@info-assure.co.uk T-44-7760-764486","Europe","English"
"BSI Cybersecurity and Information Resilience Ireland Limited, dba BSI Group","www.espiongroup.com","Ireland, France, Germany, Italy, Netherlands, Spain, UK","John Hetherton pci.ie@bsigroup.com T- 353-1-210 1711","Europe","English, Croatian, Dutch, German"
"BSI Group Japan K.K.","www.bsigroup.jp/","Japan","Takanobu Minami Takanobu.minami@bsigroup.com 81 3 6844 3889","Europe, USA, Asia Pacific","Japanese, English, Korean, Chinese"
"BT Plc.","www.bt.com","UK","Sarah Nicholson sarah.l.nicholson@bt.com T- +447918 678820","CEMEA, Europe, LAC, USA","English"
"Cadence Assurance, an affiliate of The Cadence Group","www.thecadencegroup.com","USA","Kevin Abbott kevin@thecadencegroup.com T-801-358-5748","LAC, USA","English"
"Cadre Computer Resources","www.cadre.net","USA","Paul Griggs Paul.griggs@cadre.net  T  (513) 762-6420","USA","English"
"Card Security LLC","www.cardsec.ru","Russia","Alexey Bochkarev  contact@cardsec.ru  + 7 (495) 120-26-28 ext. 100","CEMEA","English, Russian"
"Cautela Labs, Inc.","www.cautelalabs.com","USA","Nancy Wilson nancy.wilson@cautelalabs.com T-602-687-4420 x5333","USA","English"
"CBIZ Security & Advisory Services, LLC","www.cbiz.com","USA","Karen Cassella kcassella@cbiz.com T-901-842-2859","USA","English, Spanish"
"Certify Audit Services, Inc.","www.certifyauditservices.com","USA","Joeseph O'Connor joe@certifyauditservices.com T-301-279-0581","USA","English"
"Certitude Pty Ltd","www.certitude.com.au/","Australia","Eric Keser eric.keser@certitude.com.au","Australia","English"
"CIPHER","www.cipher.com","Brazil, UK, USA","Clive Boonzaaier (Europe)  contact@cipher.com  T: +44 203 580 4321  Paulo Poi (Latin America)  contato@cipher.com  T: +55 11 4501 6600   Ricardo Encinosa (USA) contact@cipher.com T: +1-305-373-4660 ext. 6300","Europe, USA, LAC","English, Portuguese, Spanish"
"CipherTechs","www.ciphertechs.com","USA","Mike Quattrochi mike@ciphertechs.com 212-897-6900","USA","English"
"Cisco Systems, Inc.","www.Cisco.com","USA","Laura Payne  (UK and Europe) laupayne@cisco.com +44 02088680098   Patrick Harbauer (USA and Canada) pharbaue@cisco.com T: +1 847 678 5738","CEMEA, USA","English"
"Citrin Cooperman & Company, LLP","www.citrincooperman.com","USA","Dr. Suzanne Miller smiller@citrincooperman.com T: +1-401-421-4800 x273","USA","English"
"CliftonLarsonAllen LLP","www.larsonallen.com","USA","Randy Romes  T-1-612-397-3114 rromes@cliftonlarsonallen.com","USA","English"
"CMC Information Security Corporation","www3.cmcinfosec.com/","Vietnam","Tung Nguyen TungNH@cmcinfosec.com T: 0084 919 84 89 87","Thailand, Vietnam","English, Vietnamese, Thai"
"Coalfire Systems, Inc","www.coalfiresystems.com","USA, LAC, UK","Aaron Reynolds  qsa@coalfire.com T: +1-206-352-6028   Andrew Barratt (Europe) abarratt@coalfire.com T: +44 161 464 6301","Asia Pacific, Canada, Europe, LAC, USA","English, Hindi, Russian, Spanish, Ukranian"
"Cognit Consult, UAB","www.cognitconsult.net","Lithuania","Laurynas Cukuras lcu@cognitconsult.net 370655 95215","Europe","English, Lithuanian, Russian, Latvian"
"Cognosec GmbH","www.cognosec.com","Austria","Branimir Pacar branimir.pacar@cognosec.com T: +43 664 88873986","CEMEA, USA, Europe","English, German, Turkish, Indian, Croatian"
"Combitech AB","www.combitech.se","Sweden","Jimmy Haeggström,   jimmy.haeggstrom@combitech.se +46 73 374 84 18","Europe","English, Swedish"
"Compass IT Compliance, LLC","www.CompassITC.com","USA","Jerry Hughes jhughes@CompassITC.com T: (888) 254-2482","USA","English, Spanish"
"Compliance Control Ltd.","www.compliance-control.ru","Russia, Ukraine, Estonia","Evgeny Babitskiy (Russia) evgeny@compliance-control.ru +7 (499) 136 2766  Mikhail Magun (Ukraine) mmagun@compliance-control.com.ua +38 (067) 239-0414  Ivan Tverdokhlebov (Estonia) info@compliance-control.ru +7 (926) 576-7095","APAC, Europe, CEMEA","English, Russian, Ukranian"
"CompliancePoint, Inc.","www.compliancepoint.com","USA","Jeff Brown  qsa@compliancepoint.com T- +1 678-287-7744","USA","English, Japanese, Spanish"
"Comsec","www.comsecglobal.com","Europe, Israel, Germany, Italy, Netherlands, Poland, Turkey, UK, Thailand, USA","PCI@comsecglobal.com (USA, Europe and Israel) T +972-3-923 4646  PCI@comsecglobal.nl (Netherlands) T +31-10-288 1010   PCI@comsecglobal.com (UK) T +44 (0) 2034638727   Turkey@comsecglobal.com  (Turkey)  T +90 216 606 26 72   Thailand@comsecglobal.com (Acinfotec-Thailand) Tel: +662 670 8980-3","Thailand, USA, Europe","Dutch, English, Hebrew, Portuguese, Russian, French, Italian, Polish, German, Thai, Turkish"
"Confide Limited","www.confide.co.nz","New Zealand","Kyle Gibson Kyle.gibson@confide.co.nz +64 21 595 344","Asia Pacific, Europe, USA","English"
"Content Security","www.contentsecurity.com.au","Australia","Lalitha Ponnudurai lalitha@contentsecurity.com.au","Australia","English"
"Context Information Security Ltd","www.contextis.com","Australia","Richard Davies richard.davies@contextis.com T: +61 450 499 882","Australia","English"
"Contextual Security Solutions, LLC","www.contextualsecurity.com","USA","Kevin Thomas Kevin.Thomas@Contextualsecurity.com T-865-898-1362","Canada, USA","English"
"Control Gap","www.controlgap.com","Canada","Bruce Duff pci@controlgap.com T  1-866-644-8808","Canada","English"
"ControlCase, LLC","www.controlcase.com","Dubai, India, Kuwait, USA, UK, Saudi Arabia, Japan, Europe, Philippines, Malaysia, Indonesia, Egypt, UAE, Qatar, Asia Pacific, CEMEA, Vietnam, England, Ireland, Turkey, Croatia, Sweden, Canada, Colombia","Kishor Vaswani (USA)  kvaswani@controlcase.com  T - +1.703.483.6383  Patrick Nyaruwa  (United Kingdom) pnyaruwa@controlcase.com T - +44 (0) 7500932718   Kim Simon (Canada) ksimon@controlcase.com T  1 416 900 1272 Andres Gutierrez (Colombia/Latin America)  agutierrez@controlcase.com  T: +57-13816834 Suresh Dadlani (Asia Pacific &amp; CEMEA)  sdadlani@controlcase.com  T: +91-22-71279034     Nobuyuki Yagi (Japan)  nyagi@controlcase.com  +81-3-4321-5504  Rukman Suriawarsita (Indonesia)  rsuriawarsita@controlcase.com  T: +62-21-51111817  Mostafa Ibrahim (Egypt)  mibrahim@controlcase.com  T: +20168843998  Tran Ha Quynh Dao (Vietnam, Cambodia &amp; Laos)  dao@controlcase.com  T : (+84) 979 710 906  Timal Jayamanne (Sri Lanka, Nepal, Maldives, Myanmar)  tjayamanne@controlcase.com  T +94777377107  Mitch Mascardo (Manila, Philippines)  mmascardo@controlcase.com  T: +63.2.7591445     Karolien Holsters (Netherlands, Belgium, Spain, France, Luxembourg) kholsters@controlcase.com  Netherlands : +31-858887600  Belgium : +32-78480234  Spain: +34-911238404  France: +33-975181681  Luxemburg: +352-20881406  Biju John (Kuwait, UAE, GCC)  pnyaruwa@controlcase.com +965.99768639  Stevie Heong (Malaysia)   sheong@controlcase.com +60.392121712  Kleber Melo (Brazil)  kmelo@controlcase.com  T: +55.1135005856","Asia Pacific, CEMEA, Canada, Europe, LAC, USA","Arabic, English, Japanese, Spanish, Hindi, Korean, Russian, Chinese, Dutch, French, German"
"ControlScan","www.controlscan.com","USA","Mark Punzirudu mpunzirudu@controlscan.com  T 800-825-3301","Canada, USA","English, Spanish"
"Convergent Network Solutions, Ltd","www.cnsgroup.co.uk","UK","Chris Leppard chris.leppard@cnsgroup.co.uk T: 020 7592 8800","CEMEA, Europe","English"
"CQR Consulting Australia PTY","www.cqrconsulting.com","Australia","Brad Beacham Brad.Beacham@cqr.com 08 7325 6226","Australia","English"
"Crimson Security, Inc.","www.crimsonsecurityinc.com","USA","Narender Mangalam 917-763-5717 narender.mangalam@crimsonsecurityinc.com","Canada, Europe, LAC, Philippines, USA","English"
"Crossbow Labs LLP","www.crossbowlabs.com","India, Australia, Bahrain, Bangladesh, Central Europe, China, Eastern Europe, Egypt, Hong Kong, Indonesia, Japan, Kenya, Kuwait, Malaysia, Morocco, Nepal, New Zealand, Nigeria, Oman, Philippines, Qatar, Russia, Saudi Arabia, Singapore, South Africa, Sri Lanka, Thailand, UAE, USA, Vietnam","Deepak Umapathy (USA)  explore@crossbowlabs.com T +1 650 618 9862  Varun Prashant (UAE, Bahrain, Kuwait, Oman, Qatar, Saudi Arabia, South Africa, Egypt, Morocoo) explore@crossbowlabs.com T- Bahrain: +973 161 966 78  Suryaji Bhosale(India, Sri Lanka, Nepal, Bangladesh)  explore@crossbowlabs.com T+91 80 395 91595   Rosan Thomas (Australia, China, Cambodia, Indonesia, Japan, Malaysia, New Zealand, Philippines, Singapore, Thailand, Vietnam, South Korea and Hong Kong)  T-Singapore: +65 315 877 55  Email: explore@crossbowlabs.com","Asia Pacific, USA, CEMEA","English, Hindi, Malayalam, Marathi, Tamil"
"CrowdStrike Services, Inc.","www.crowdstrike.com","USA","Tim Parisi tim.parisi@crowdstrike.com","USA","English"
"Crowe Horwath LLP","www.crowehorwath.com","USA","Craig D. Sullivan PCI.Services@CroweHorwath.com    574.236.7618","Asia Pacific, CEMEA, LAC, USA","English"
"Cryptonet Labs s.r.l.","www.cryptonetlabs.it","Italy","Stefano Taino stefano.taino@cryptonetlabs.it T: +39.335354508","Europe","English, Italian"
"Cyber Risk Pty Ltd","www.cyber-risk.com.au","Australia","Wayne Tufek wayne@cyber-risk.com.au T: +61 414725106","Australia","English"
"Cybercom Group","www.cybercomgroup.com","Sweden, Finland, Poland","Fredrik G Johansson Fredrik.G.Johansson@cybercom.com  T: +46-72-519-5520","Europe","English, Swedish, Danish, German, Polish, Russian, Finnish"
"Cyberensure","www.cyberensure.com","USA","Harry Zwiselsberger harryz@cyberensure.com T- 410-259-0056","USA","English"
"Cybsec","www.cybsec.com","Argentina, Ecuador, Panama, Paraguay","PCI Contact contacto@cybsec.com T+54-11-4371-4444","USA, LAC","English, Portuguese, Spanish"
"Da Ros e Associati s.r.l.","www.daros-associati.it","Italy","Paolo Da Ros paolo.daros@daros-associati.it T: +39 335 64 53 802","CEMEA","English, Italian"
"Dara Security","www.darasecurity.com","USA","Barry Johnson BarryJ@DaraSecurity.com T-775-622-5386","LAC, USA","English"
"Dataprotect","www.dataprotect.ma","Morocco","Ali El Azzouzi T- 21-26607-40569 aelazzouzi@dataprotect.ma","Europe, CEMEA","Arabic, English, French, Spanish"
"Datassurant","www.datassurant.com","USA, Canada","Michael  La Barge pci@datassurant.com T- 800-724-8197","Asia Pacific, Canada, USA","English, German"
"Deiteriy Company Ltd.","www.deiteriy.com","Russia","Sergey Shustikov  Sergey.Shustikov@deiteriy.com T-7 (812) 361-61-55","Europe, CEMEA","English, Russian"
"Delap LLP","www.delapcpa.com","USA","David Buchanan dbuchanan@delapcpa.com T-1-503-974-5673","USA","English"
"Deloitte LLP","www.deloitte.ca","Canada","Simon Tang (Canada, LAC) stang@deloitte.ca T  416-601-6632","Canada","English, French, Hebrew, Spanish"
"Deloitte Tohmatsu Risk Services","www.tohmatsu.co.jp","Japan","Hiroshi Mochida hiroshi.mochida@tohmatsu.co.jp +81-3-6213-1300","Japan","English, Japanese"
"Denge Bagimsiz Denetim Serbest Muhasebeci Mali Musavirlik Anonim Sirketi","www.mazars.com.tr","Turkey","Ates Sunbul asunbul@mazarsdenge.com.tr T: +90 535 570 49 63","Europe","English, Turkish"
"Diebold Nixdorf s.r.o.","www.wincor-nixdorf.com","Czech Republic","Jakub Moravek jakub.moravek@diebold-nixdorf.cz T-420-603-459-226","Europe","Czech, English, German, Slovak, Russian"
"Digital Jewels Ltd.","www.digitaljewels.net","West Africa","Adedoyin Odunfa adedoyino@digitaljewels.net T-234-803-402-0504","CEMEA","English, French"
"Digital Security","www.dsec.ru","Russia","Andrew Gaiko a.gaiko@dsec.ru T- +7(495)223-0786","Europe, CEMEA","English, Russian"
"Dimension Data (Pty) Ltd.","www.dimensiondata.com","South Africa","Stephen Nel Stephen.Nel@dimensiondata.com T+27 11 5751639","CEMEA","Afrikaans, English, German"
"Dionach","www.dionach.com","UK","Rob Embers rob.embers@dionach.com T-44-1865-877830","Europe","English, Dutch, Italian, Spanish"
"DirectDefense","www.directdefense.com","USA","John Elliott jelliott@directdefense.com T: +1-949-326-3266","USA","English"
"Dixon Hughes Goodman, LLP","www.dhgllp.com","USA","Alexander Douds alex.douds@dhgllp.com T-704-367-7026","USA","English"
"DNV GL Business Assurance Korea Ltd.","www.dnvgl.com","Korea","JungHo Seo Jung.ho.seo@dnvgl.com pcidss.korea@dnvgl.com  qsa.korea@dnvgl.com  T+82-2-724-8406  Ros Oh (Singapore)  ros.oh@dnvgl.com T+65 9686 9802  Girija Somasekhara Panicker (India) rajeev.panicker@dnvgl.com T+91 9900026922 T+91 80 2308 1115","Asia Pacific","English, Korean"
"DotSec Pty Ltd","www.dotsec.com","Australia","Dr. Tim Redhead tim@dotsec.com T- 61-7-3221-2442","Australia","English"
"Easy Solutions, Inc.","www.easysol.net","USA","Ricardo Elena +1(866)524 4782 relena@easysol.net","LAC","English, Portuguese, Spanish"
"ECSC Ltd","www.ecsc.co.uk","England","Graham Boler Graham.Boler@ecsc.co.uk T-44-1274-736223","Europe","English"
"EFM Consulting Inc.","www.efmconsultinginc.com","USA","Martin Medina mmedina@efmconsultinginc.com T-+1-786-838-5711","LAC","English, Spanish"
"EKS&H LLLP","www.eksh.com","USA","Angela Appleby aappleby@EKSH.com T-303-846-3332","USA","English, German, Spanish"
"Encode SA","www.encodegroup.com","Europe","Kostas Kolokotronis K.Kolokotronis@encodegroup.com T-+30 210 6563880","Europe, CEMEA","Greek, English"
"Endava LTD","www.endava.com","UK","Adriana Calomfirescu Adriana.Calomfirescu@endava.com +40 722 545 887","CEMEA","English, Romanian, Russian"
"Enterprise Risk Management","www.emrisk.com","USA","Silka M. Gonzalez info@emrisk.com T  305- 447-6750","LAC, USA","English, Spanish, Hindi, Marathi, Portuguese, Greek"
"Eporedia","www.eporedia.co.uk","UK","Richard Marchlewski richard.marchlewski@eporedia.co.uk T - +44-871-7165574","Europe","English, French, Italian, Polish, Spanish"
"Ergonomics AG","www.ergonomics.ch","Switzerland","Daniel Linder  T +41 58 311 10 00 info@ergonomics.ch","Europe","English, French, German"
"Ernst & Young LLP (UK)","www.uk.ey.com","UK","Derek rose  drose@uk.ey.com T- +44(0)7469 033175","Europe","Chinese (Mandarin), English, French, Italian, Spanish"
"Ernst and Young LLP","www.ey.com","USA","Scott Windom Scott.Windom@ey.com T: +1-214-969-0716","USA","Chinese (Mandarin), English, French, Italian, Spanish"
"ES2 PTY LTD","www.es2.com.au","Australia","Ben Bassett ben@es2.com.au M: +61 467 608 918","Australia","English"
"Evolution Ltd.","www.evolve-online.com","Asia, UK","Ritchie Jeune(UK)  ritchieJ@evolve-online.com  T- 44 (0)845 481 8208  Joseph Lee (Asia)  josephl@evolve-online.com  +852 6770 5528","Asia Pacific, Europe","Cantonese, Dutch, English, Hindi, Mandarin, Punjabi"
"Experis Finance US LLC","www.experis.com","USA","Luis Porres pci.info@experis.com T - 973-775-8428","USA","English"
"Exposure Security","","USA","Jason Hengels jason.hengels@exposuresecurity.com T: +1-650-272-0042","USA","English"
"F-Secure Cyber Security Services Oy","www.nsense.fi","Finland, Denmark","Joakim Sandstrom joakim.sandstrom@f-secure.com T: +358 9 2520 0700","Europe","English, Finnish, Swedish, Danish, Norwegian, Icelandic, Polish"
"Falanx Cyber Defence Limited","www.falanx.com/","UK","Nigel Gildea  nigel.gildea@falanx.com T: +44 7956 888179","Europe","English"
"Fidelis Cybersecurity Inc.","www.fidelissecurity.com","USA","Michael Harrington Michael.harrington@fidelissecurity.com T- 1-678-467-3566","USA","English, German, Romanian, Spanish, Turkish"
"Five Drive Inc.","www.fivedrive.jp/","Japan","Yuya Yamaguchi pci@fivedrive.jp +81-3-5511-5875","Japan","Japanese"
"FiveSec Labs Limited, dba Five Security","www.fivesecurity.com","Ireland, France, UK","Laurent Benameur-Sauvaire (Europe) laurent@fivesecurity.com  T- +353 1 691 7938   Fabrice Brasile (France) fbrasile@fivesecurity.com  T- +33 1 70 61 83 32   Nicola Byrne (UK and Ireland) nbyrne@fivesecurity.com  T- +44 845 867 4166","Europe","English, French, German, Italian, Polish, Spanish"
"Focal Point Data Risk, LLC","focal-point.com/","Canada, UK, USA","Andrew Cannata acannata@focal-point.com T: 813-731-9074","USA","English"
"Foregenix Ltd.","www.foregenix.com","Greece, Romania, South Africa, Uruguay, Argentina, Brazil, Canada, Dubai, Russia, USA, UK, Germany, Australia","EUROPE pci-team@foregenix.com  T+44 845 309 6232  LAC pci-team@foregenix.com  T +54 9342 421 6688  	 USA AND CANADA  pci-team@foregenix.com  T +1 6179331737  CEMEA pci-team@foregenix.com  T+27 860 44 4461  APAC pci-team@foregenix.com  T  +61 420 904 914","APAC, CEMEA, LAC, USA, Europe","English, Italian, Spanish, Afrikaans, French, Greek, Guajarati, Hindi, Hungarian, Portuguese, Punjabi, Romanian, Russian, Urdu, Hebrew"
"Foresight IT Consulting Pty Ltd.","www.foresightconsulting.com.au","Australia","Peter Baussmann pbaussmann@foresightconsulting.com.au T: +61 43 430 5683","Asia Pacific","English"
"Foresite MSP, LLC","www.foresite.com/","England, USA","Jason LeDuc Jason.LeDuc@foresite.com 1 (732) 674-0871","USA","English"
"Formos Consulting, LLC","www.fdhcpa.com","USA","Damon Work damon.work@formosconsulting.com T-615-383-6592","USA","English"
"FortConsult A-S","www.fortconsult.net","Denmark, Lithuania, Greece, Russia, Kazakhstan, Portugal","Raluca Gherman (Europe) rgh@fortconsult.net  Audrius Vizbaras (Baltics) audrius.vizbaras@fortconsult.net +370 655 43776  Zoja Antuchevic (Russia, Kazakstan, Ukraine) zoja.antuchevic@fortconsult.net +370 652 55 795","CEMEA, Europe","English, Danish, Lithuanian, Russian, Swedish, German, Greek, Romanian, Portuguese"
"Fortrex","www.fortrex.com","USA","Peter Spier spierp@fortrex.com T - 877-367-8739","USA","English"
"Fortytwo Security B.V.","www.fortytwo.nl","Netherlands","Sven Brouwer pci@fortytwo.nl T- 31-204232420","Europe","English, Dutch"
"FPT Information System Corp.","www.fpt.com.vn","Vietnam","Le Tuan Diep E: DiepLT2@FPT.COM.VN T: +84 982 583 592","Vietnam","English, Vietnamese"
"Frazier & Deeter, LLC","www.frazierdeeter.com","USA","Mindy Regen mindy.regen@frazierdeeter.com T: +1-901-283-8814","USA","English"
"Freed Maxick CPAs","www.freedmaxick.com","USA","David Hansen david.hansen@freedmaxick.com 716-982-9875","USA","English"
"FRSecure LLC","www.frsecure.com","USA","Brad Nigh bnigh@frsecure.com T: 952-467-8849","USA","English"
"Fujitsu Limited","jp.fujitsu.com","Japan","Shigehisa Ichikawa T-81-3-6424-6655 Ichikawa-net@jp.fujitsu.com","Asia Pacific","Japanese"
"Galitt","www.galitt.com","France","Bruno Kovacs b.kovacs@galitt.com T-33 1 77 70 28 12","Europe","French, English, Portuguese"
"Galix Networking Pty. Ltd.","www.galix.com","South Africa","Simeon Tassev pci@galix.com T-27(0)114727157","CEMEA","English"
"Gaming Laboratories International, Inc.","www.gaminglabs.com","USA","Bill Higgins bill.higgins@bulletproofsi.com T+1 (506) 961-5566","Europe, USA","Armenian, Bosnian, Cantonese, Chinese, Croatian, French, German, Guajarati, Hindi, Indonesian, Italian, Japanese, Korean, Malay, Mandarin, Marathi, Polish, Portuguese, Punjabi, Russian, Serbian, Spanish, Tagalog, Thai, Urdu, Vietnamese, Bulgarian, Farsi, Filipino, Hmong, Pashto, Laotian, Persian, Ilocano, Sinhala"
"Gemserv Limited, dba Red Island","www.redisland.co.uk","UK","Ian Davis Ian.davis@redisland.co.uk +44 2070901087","Europe","Dutch, English"
"Geobridge Corporation","www.GEOBRIDGE.net","USA","Laura Way lway@geobridge.net T  703.857.2102","USA","English"
"Globaltech & Infosec Private Limited","www.gtisec.com","India, Australia, New Zealand, Thailand, USA","Atul Luthra (CEMEA)  atul@gtisec.com  T: +91 9899 809 804   Nishikant Singh (APAC)  nishikant@gtisec.com  T: +91 9818398494  NK singh (USA) nk@gtisec.com T: +16099143407","CEMEA, USA, Asia Pacific","English"
"GM Security Technologies","www.gmsectec.com","USA, Colombia, Ecuador, Panama, Costa Rica, Dominican Republic, Trinidad and Tobago, Puerto Rico, Argentina, Bermuda, Bolivia, Chile, Guatemala, Honduras, Jamaica, Mexico, Nicaragua, Paraguay, Peru, Uruguay, Aruba, El Salvador, Haiti, Antigua and Barbuda, Bonaire, Curacao, Bahamas, Belize, Dominica, Grenada, Guyana, St. Lucia, St. Maarten, St. Croix, British Virgin Islands, Cayman Islands, St. Thomas, Anguilla, Suriname, Turks and Caicos, St. Kitts and Nevis, St. Vincent and The Grenadines","Russell M. Latimer PCI@GMSECTEC.com T: +1 787 625-0055","LAC","English, Spanish"
"GoSecure Inc.","www.gosecure.net","Canada","Pascal Fortin pfortin@gosecure.ca T-514-287-7427 x227","Canada","English, French"
"Gotham Technology Group, LLC","www.gothamtg.com","USA","Nancy Rand nrand@gothamtg.com  T  201-474-4254","USA","English"
"Grant Thornton Consulting CJSC - Armenia","www.am.gt.com","Armenia","Vladislav Muradyan vladislav.muradyan@am.gt.com 374-10276544","CEMEA","Armenian, English, French, Russian, Georgian"
"Grant Thornton LLP","www.grantthornton.ca","Canada","Leah White Leah.White@ca.gt.com +1-902-491-7718","Canada","English"
"Grant Thornton New Zealand Limited","www.nz.gt.com","New Zealand","Hamish Bowen Hamish.bowen@nz.gt.com T- 64-4-495-1539","New Zealand","English"
"GRC 360 Pvt. Ltd.","www.GRC360.net","UK","Aisha Kashif aisha@grc360.net +61481147403","CEMEA","English, Urdu"
"GRsee Consulting","www.grseecon.com","Israel, Europe, Italy, USA","Ben Ben Aderet  ben@grseecon.com T-972-52-3866591(Israel)  T-646-520-0677 (USA) (Office)","LAC, USA, Europe","English, Hebrew, French, Spanish, Italian, Russian"
"GuidePoint Security, LLC","www.guidepointsecurity.com","USA","Bryan Orme bryan.orme@guidepointsecurity.com T - 703-241-1868","USA","English"
"Hacktive Security S.R.L.","hacktivesecurity.com/","Italy, Ireland","Francesco Mormile francesco@hacktivesecurity.com +39-320-067-9690","Europe","English, Italian"
"HALOCK Security Labs","www.halock.com","USA","Viviana Wesley vwesley@halock.com T: +1-847-221-0239","Canada, Europe, USA","English"
"Herve Schauer Consultants","www.hsc.fr","France, Europe","Herve' Schauer pci-primary@hsc.fr T-33-158 379 449","Europe","English, French"
"Hitachi Systems Security USA, Inc.","www.abovesecurity.com","Canada","Daniel Gaudreau daniel.gaudreau@hitachi-systems-security.com T 403-434 8046","LAC, USA, Canada","Arabic, English, French, Spanish"
"Hivint Pty. Ltd","www.hivint.com","Australia","Craig Searle craig@hivint.com T-61-1300-733-940","Australia","English, Cantonese, Mandarin"
"HTS Expert Consulting","www.hts-expert.com/","France","Romain Rousseau contact@hts-expert.com T: +33 (0) 1 75 43 51 01","Europe, CEMEA","English, French, Spanish, Arabic"
"Infoprive Services Limited","www.infoprive.com","Nigeria","Omotosho Adetokumbo Adetokunbo@infoprive.com T- 234-080306-79474","CEMEA","English"
"Information and Infrastructure Technologies, Inc.","www.iit-corp.com","USA","James Knoke  jknoke@iit-corp.com T- 703-478-7660","USA","English"
"Information Exchange Inc.","www.goinfox.com","USA","Jonathan Foster  jfoster@goinfox.com T  512-394-7874","USA","English"
"Information Risk Management (IRM)","www.irmplc.com/","UK","Andrew Finnan Andrew.Finnan@irmsecurity.com T +44 (0)20 7808 6435","Europe","English, French, German, Hindi, Punjabi, Marathi, Arabic, Spanish"
"Informzaschita","www.infosec.ru","Russia, Kazakhstan, Albania, Algeria, Armenia, Azerbaijan, Bahrain, Belarus, Angola, Bosnia-Herzegovina, Benin, Bulgaria, Botswana, Burkina, Faso, Cameroon, Cape Verde, Croatia, Egypt, Gabon, Gambia, Georgia, Ghana, Irac, Jordan, Kenya, Kosovo, Kuwait, Kyrgyzstan, Lebanon, Liberia, Libya, Lesotho, Macedonia, Mali, Malawi, Mauritania, Moldova, Montenegro, Morocco, Mozambique, Namibia, Nigeria, Oman, Pakistan, Qatar, Romania, Palastine, Saudi Arabia, Serbia, Rwanda, Senegal, Seychelles, Sierra Leone, Syria, South Africa, Switzerland, Tajikistan, Togo, Tunisia, Turkmenistan, Tanzania, Ivory Coast, UAE, Ukraine, Uzbekistan, Yemen, Zambia, Zimbabwe, Uganda","Anna Antonova pcidss@infosec.ru T: +7 495 980 2345 ext. 836","CEMEA","English, Russian"
"Infosec Corporation","www.infosec.co.jp","Japan","Yosuke Suzuki yosuke.suzuki@infosec.co.jp","Japan","English, Japanese"
"InfoSecure Redteam, Inc., dba InfoSecure Redteam Conformance","infosecureredteam.com","USA","Patrick W. Bass patrick@infosecureredteam.com 877-674-6965","USA","English"
"Insside Information Inteligente SRL","www.insside.net","Argentina, Chile, Brazil, Colombia, Costa Rica, Dominican Republic, Ecuador, Guatemala, Mexico, Panama, Paraguay, Peru, Puerto Rico, Uruguay, Bolivia","Martin Jose Lambertucci mjl@insside.net T- 00-54-11-4312-4204 (Argentine) T- 00-56-22-586-0980 (Chile)","LAC","English, Portuguese, Spanish"
"IntaForensics Ltd.","www.intaforensics.com","UK","Damian Walton damian.walton@intaforensics.com T- 44-0-2477-717-780","Europe","English"
"Integrated Technology Systems S.L.","www.its-security.es","Spain","Bosco Smith pci@its-security.es T+34 628575005","Europe","English, Spanish, Basque"
"International Certificate Authority of Management System","www.icms.co.jp/","Japan","Yoichi Ueno pcissc@icms.co.jp T : +81 3 5719 7533","Asia Pacific","Japanese, English"
"Internet Security Auditors","www.isecauditors.com","Spain, Colombia","Daniel Fernandez (Bogotá, Colombia - LAC &amp; USA) pci@isecauditors.com +57 (1) 638 68 88 Carmen Areces (Madrid, Spain) pci@isecauditors.com +34 91 763 40 47 Antoni Nicolas (Barcelona, Spain) pci@isecauditors.com +34 93 305 13 18  pci@isecauditors.com","LAC, USA, Europe","English, Spanish, Catalan, Portuguese"
"Internet Security Systems a wholly owned IBM Company","www.iss.net","Israel, USA, Canada, Mexico, Panama, Colombia, Chile, Brazil, Argentina, Peru, Puerto Rico, US Virgin Islands, Austria, UK, France, Italy, South Africa, Denmark, Germany, Belgium, Finland, Greece, Romania, Lithuania, Sweden, Netherlands, Austria, Spain, Poland, Portugal, Russia, Czech Republic, Croatia, Egypt, Israel, Dubai, Australia, New Zealand, Singapore, Hong Kong, Japan, China","Chris Sodergren (United States / Canada)  csodergr@us.ibm.com  Mobile: +1 (925) 726-7996   Juan Camilo Reyes (Latin America &amp; Caribbean)  jcreyes@co.ibm.com Mobile: +57 (318) 221-0093  Serdar Cabuk (Europe / Middle East / Africa)  serdar_cabuk@uk.ibm.com  Mobile: +44 (0)7758 136124   Amit Prakash (Asia Pacific)  amit@sg.ibm.com  Mobile: +65-6654-3813","Asia Pacific, CEMEA, Canada, Europe, LAC, USA","Arabic, Chinese (Simplified), Chinese (Traditional), Chinese (Mandarin), Danish, English, Finnish, French, French Canadian, German, Greek, Hebrew, Hindi, Italian, Japanese, Norwegian, Romanian, Russian, Polish, Portuguese, Spanish, Swedish, Bosnian, Croatian, Serbian"
"Intersec Worldwide","www.intersecworldwide.com","USA","Mikken Tutton pci@intersecworldwide.com T-949-270-0504","USA","English, Portuguese, Spanish"
"Intrinium, Inc.","www.intrinium.com","USA","Stephen Heath 509.340.3323  Stephen.Heath@intrinium.com","USA","English"
"IQ Information Quality","www.iqcol.com","Colombia","David Guillermo Angarita Guillermo.Angarita@iqcol.com T: +57 1 7033216 ext 101","LAC","Spanish"
"IRCLASS Systems & Solutions Pvt. Ltd.","irclass.org","India","ShashiNath Mishra shashinath.mishra@irclass.org","CEMEA, Asia Pacific","English, Hindi, Kannada, Marathi, Tamil, Malayalam"
"IS Partners LLC","www.ispartnersllc.com","USA","Anthony Jones ajones@ispartnersllc.com T- 215 675 1400","USA","English"
"Isoqar India Pvt. Ltd.","www.isoqarindia.com","India","Nishid Shivdas nishids@isoqarindia.com 91-79-65452100","CEMEA, Asia Pacific","English, Hindi"
"IT Governance Ltd","www.itgovernance.co.uk","UK","Alan Calder acalder@itgovernance.co.uk T-44-1353 771-052","Europe","English"
"IT Professional Group, Inc.","www.ITPG.org","USA","David Kim dk@itpgsecure.org T-703-953-4739","USA","English"
"IT Specialist LLC","my-itspecialist.com/","Ukraine","Igor Demchuk  qsa@my-itspecialist.com  +380 (44) 489 32 26","CEMEA","English, Russian, Ukrainian"
"Jet Infosystems","www.jet.msk.su","Russia","Alexey Kupriyanov pci-dss@jet.su +7 (495) 411-7601","Europe, CEMEA","English, Russian"
"JSC DialogueScience","www.dialognauka.ru","Russia","Alexander Krupchik krupchik@dialognauka.ru +7 495 980 6776 ext. 164","CEMEA","English, Russian"
"K3DES, LLC","www.k3des.com","USA","Jim Richardson (USA) Jim.richardson@k3des.com T - 713-545-5867 Janet Edwards (Europe) Janet.edwards@k3des.com T +34-654490550","Australia, Canada, Europe, LAC, USA","English, German, Spanish, Cantonese, French, Mandarin"
"KalioTek, Inc.","www.moyogroup.com","USA","Mark Richards T 408.550.8007 mrichards@kaliotek.com","USA","English"
"Kashing Limited","www.securityicon.co.uk","UK","Gert Horne T - 44-203-286-0503 gert.horne@kashing.co.uk","Europe","Afrikaans, Dutch, English, French, Italian, Spanish, German, Russian"
"Kima Projects & Services","www.kimaps.com","Italy","Vicki Vinci vicki.vinci@kimaps.com","Europe","English, Italian"
"Kirkpatrick Price, Inc. dba Raven Eye","www.kirkpatrickprice.com/pci-dss/","USA","Randy Bartels r.bartels@kirkpatrickprice.com 866-567-2836 x 102","Canada, USA","English"
"KnowIT Secure AB","www.knowit.se","Sweden","Victor Langassve victor.langassve@knowit.se T-46-70-825-0080","Europe","English, Swedish, Danish, Norwegian"
"Knowledge Consulting Group","www.knowledgecg.com","USA","John Stiffler john.stiffler@mantech.com","USA","English"
"Kroll Associates Brasil Ltda.","","Brazil","Fernando Carbone fernando.carbone@kroll.com +55 11 3897-0900","LAC","English, Portuguese, Spanish"
"Kroll Cyber Security","www.kroll.com/en-us/cyber-security","USA","Marc Brawner mbrawner@kroll.com T: +1-615-585-2419","Asia Pacific, USA","English"
"Krypton Ltd.","www.kryptonsecurity.com","Abu-Dhabi, Bahrain, Croatia, Dubai, Egypt, Jordan, Lebanon, Morocco, Oman, Qatar, Saudi Arabia, Turkey, Tunisia, Africa, Eastern Europe","Cyrus Salesse c.salesse@kryptonsecurity.com +9611-330-326 X11","CEMEA","Arabic, English, French, German"
"KYTE Consultants, Ltd.","www.kyteconsultants.com","Malta, Ukraine","Alan Alden alan@kyteconsultants.com +356 2759 5000","CEMEA, Hong Kong, Marshall Islands, USA, Europe","Maltese, English, Italian, French, Russian, Ukranian"
"Lattimore, Black Morgan and Cain, PC","www.lbmc.com","USA","Mark Burnette (USA) mburnette@lbmc.com T  (615) 309-2447","USA","English"
"Lazarus Alliance, Inc.","www.lazarusalliance.com","USA","Michael Peters Michael.Peters@LazarusAlliance.com T-762-822-4174","USA","English"
"LE Global Services Sdn. Bhd.","www.le-global.com","Malaysia, Asia Pacific, Cambodia, China, Hong Kong, Indonesia, Japan, Korea, Macau, Philippines, Singapore, Taiwan, Thailand, Vietnam, Brunei, Laos","Mr. Fong Choong Fook (Global) Phone: +603 58858089 email: qsa@lgms.global  Mr. Hominjono (Indonesia) Phone: +62 21 53660660  Phone: +62 811 801696 email: qsa.indonesia@lgms.global  Mr. Tiger Teng (Greater China) Phone: +886 918815408 Phone: +86 15821934086 Email: qsa.china@lgms.global  Mr. Vincent Huang (Taiwan) Phone: +886 922440986 Email: qsa.taiwan@lgms.global  Ms. Nora Li (China) Phone: +86 13501649191 Email: qsa.china@lgms.global","Asia Pacific","Bahasa (Malaya/Indonesian), Cantonese, Chinese (Simplified), Chinese (Traditional), English, Hakka (spoken only), Hokkien, Teo Chew"
"Link Tech","www.linktechconsulting.com","USA","Dyana Pearson pci@linktechconsulting.com T: 702-233-8703","USA","English"
"LMPS Consulting","www.lmps-consulting.com","Morocco","Karim Hamdaoui pcidss@lmps-group.com T-212-661-471-647","CEMEA","Arabic, English, French"
"Loop Secure Pty Limited","www.looptech.com.au","Australia","Lyal Collins lcollins@looptech.com.au T 0416 097 120","Europe, Hong Kong, Australia","English"
"M. Kuppuswamy PSG & Co.","www.mkpsgcocas.com","India","Panaiyur S, Gopalakrishnan psg@mkpsg.com T  91-44-28297268","Asia Pacific, Canada, LAC, USA, CEMEA","Bengali, English, Hindi, Kannada, Tamil, Telugu"
"Mandem Inc.","www.mandem.com","USA","Trony Clifton  trony@mandem.com T- 732 688 7046","USA","English"
"Marcum LLP","www.marcumllp.com","USA","Heather Bearfield heather.bearfield@marcumllp.com T: +1-617-226-0420","USA","English"
"Maximus Consulting (Hong Kong) Limited","www.maximusholding.com/","Hong Kong","Anson Tong Tsz Pui ansont@maximusholding.com","Hong Kong","Cantonese, Chinese (Simplified), Chinese (Traditional), English, Mandarin"
"McAfee, LLC","www.foundstone.com","USA","Riana Smalberger consulting@foundstone.com +1 513 467 8955","APAC, Europe, LAC, USA","English, Arabic, Portuguese, Spanish"
"Megaplanit, LLC","www.megaplanit.com","USA","Frank Nudo fnudo@megaplanit.com T-1-224-944-1488","Canada, USA","English"
"Merchant Preservation Services, LLC d/b/a CampusGuard","www.campusguard.com","USA","Andy Grant info@campusguard.com +1 (419) 873-7016","Australia, USA","English"
"Mercury Z LLC","www.mercuryZ.com","USA","Ken Meek kmeek@mercuryz.com t-919-899-9072","USA","English"
"MNP LLP","www.nci.ca","Canada","Tom Beaupre pci-info@nci.ca 514.451.0578","Canada","English, French"
"Modulo Security Solutions S.A.","www.modulo.com","Brazil","Paulo Henrique Dargam  T: +55 11 5504-3600 C: +55 21 97999-1538 pci@modulo.com","LAC","Portuguese, Spanish, English"
"Moss Adams LLP","www.mossadams.com","USA","Francis Tam  francis.tam@mossadams.com T- +1-310-295-3852","Europe, USA","English"
"NCC Services Ltd","www.nccgroup.trust/uk/our-services/security-consulting/information-risk-management-and-governance/","England, England, Australia, Singapore, UK, USA","Sarah Ross Sarah.Ross@nccgroup.trust T: 0161 201 5171","Asia Pacific, CEMEA, USA, Europe","English, Hindi, Lithuanian, Marathi, Russian, Spanish, English, Dutch, French, Guajarati, Italian, Malay, Mandarin, Polish, Punjabi, Swahili, Amharic, Urdu, Welsh"
"NDB Advisory","www.ndbcpa.com","USA","Christopher Nickell cnickell@ndbcpa.com T  202-903-3884","USA","English"
"Neil Gonsalves & Associates LLC, dba AARC-360","www.aarc-360.com","USA","Neil Gonsalves T: +1 866-576-4414 Neil.Gonsalves@AARC-360.com","USA","English"
"Net One Systems Co., Ltd.","www.netone.co.jp/english.html","Japan","Yasushi Oki T- 81-3-6810-0136   pci-contact@netone.co.jp","Japan","Japanese"
"Nettitude Ltd.","www.nettitude.com","UK, USA","USA and Canada: solutions@nettitude.com  T: +1 (212) 335 2238  Europe: solutions@nettitude.co.uk  T: +44 (0)345 520 0085","Canada, USA, Europe","English, Mandarin, Punjabi, Cantonese, Hebrew"
"Network Intelligence India Pvt. Ltd.","www.niiconsulting.com","India, Abu-Dhabi, Bahrain, Dubai, Kuwait, Malaysia, Nigeria, Oman, Philippines, Qatar, Singapore, Thailand, UK, Riyagh (KSA), Mumbai, Delhi, Pune, Bangaluru","K.K. Mookhey kkmookhey@niiconsulting.com +91 9820049549 Pratik Samant (UAE) pratik.samant@niiconsulting.com  T+971 561181669","APAC, USA, CEMEA","Arabic, English, Hindi"
"Networks Group Inc","www.networksgroup.com","USA","Steven Fuller sfuller@networksgroup.com T-734-827-1400","USA","English"
"Nexusguard Consulting Limited","www.nexusguard.com","Hong Kong, Asia Pacific, China, Indonesia, Macau, Malaysia, Philippines, Singapore, Taiwan, Thailand","pci@nexusguard.com T-+852 3188 5750","Asia Pacific","English, Cantonese, Hokkien, Indonesian, Japanese, Malaysian, Mandarin, Taiwanese"
"nGuard Inc.","www.nguard.com","USA","Charles Hutson qsa@nguard.com  T-866.888.7111","USA","English"
"Nixu Corporation","www.nixu.com","Finland","Niki Klaus nixu.sales@nixu.com +358 50 394 8996","Europe","English, Finnish, Swedish"
"Noordbeek B.V.","www.noordbeek.com","Netherlands","Edward van Egmond T- 31 6  23 32 62 72 edward@noordbeek.com","Europe","Dutch, English"
"Novacoast","www.novacoast.com","USA","Eron Howard ehoward@novacoast.com 800-949-9933","USA","English"
"NRI Secure Technologies LTD","www.nri-secure.co.jp","Japan","Shunichi Itada itada@nri-secure.co.jp T - 81-3-6706-0500","USA, Asia Pacific","Japanese, English"
"NTT Data Intellilink Corporation","www.intellilink.co.jp/","Japan","Yo Ikeya  ikeyayo@intellilink.co.jp +81 3 5859 5428","Japan","Japanese"
"NTT Security (UK) Limited","www.nttcomsecurity.com","UK, Austria, Germany, Hong Kong, Japan, Singapore, Switzerland","Resource Management Team resourcemanagement-uk@nttsecurity.com T: 01189 306060","Asia Pacific, Europe","English, German, Chinese (Mandarin), Japanese, Malay, Urdu, Chinese (Cantonese)"
"NTT Security (US) Inc.","www.nttcomsecurity.com","USA","Dave Gladbach dave.gladbach@nttsecurity.com +1 (402) 361 3176","Canada, LAC, USA","English"
"NuArx, Inc.","www.nuarxinc.com","USA","Suraj Srinivas srinivass@nuarxinc.com T: 847-440-4978","Canada, USA","English"
"nubesec Pty Ltd","www.nubesec.com.au","Australia","Andrew Wagner qsa@nubesec.com.au  T: +61 408 259 574","Australia","English"
"O-C Group","www.o-cgroup.com","Finland, Germany, Ireland, Sweden, UK","Patrick Clarke (Ireland) pclarke@o-cgroup.com T  353-1-665-0430 Gernot Schaeffter (Germany) gschaeffter@o-cgroup.com T  49-6061-7062495 Ray Clarke(UK) rclarke@o-cgroup.com T  44-8450-000-499 Hubert O'Donoghue (CEMEA) hodonoghue@o-cgroup.com T-353-1-665-0431","CEMEA, Europe","English"
"Odyssey Consultants Limited","www.odysseyconsultants.com","Europe","Christos Onoufriou conoufriou@odysseyconsultants.com T-357-22463600","CEMEA, Europe","English, Greek"
"OmniCyber Security Ltd","www.omnicybersecurity.com","UK","Philip Ridley  pridley@omnicybersecurity.com T- 44-0203 488 0815","Europe","English"
"Online Enterprises DBA Online Business Systems","www.OBSGlobal.com","Canada, USA","Sherri Collis scollis@obsglobal.com  (403) 392-3443","Europe, India, USA, Canada","English"
"Optiv Security Inc.","www.optiv.com","Canada, USA","Justin George info@optiv.com  T- (866) 729-7707","Canada, USA","English"
"Packer Thomas","www.packerthomas.com","USA","William Long   pciqsa@packerthomas.com T- 941-284-1380","USA","English"
"Paladion Networks Private LTD","www.paladion.net","India, Saudi Arabia, UAE, Bahrain, Oman, Qatar, Kuwait, Algeria, Malaysia, Singapore, Philippines, Thailand, Indonesia, USA, Canada, UK, Germany","Amit Roy (CEMEA, UAE, Bahrain, Kuwait, Oman, Africa) amit.roy@paladion.net T-971 528973333  Tirichine Bachir (Algeria) tirichine.bachir@paladion.net T- 213 55450-5421  Syed Shakeel (KSA) syed.shakeel@paladion.net T+966 53 43 27 933  Umesh Tejasvi (Qatar) Umesh.tejasvi@paladion.net T +97433777866  Sachin Varghese (Canada, Caribbean, Europe, USA) Sachin.varghese@paladion.net T- +1(703) 409-8838  Jaipal K (India, Nepal, Bangladesh, Sri Lanka) Jaipal.k@paladion.net T- +91 99723 14801  Bill Tan (Malaysia, Singapore, Thailand, Philippines, Indonesia, Vietnam) Bill.tan@paladion.net T - +6012 236 3903","CEMEA, Canada, LAC, USA, Asia Pacific","Arabic, English, Bahasa Malaysia, French, Malaysian"
"Panacea Infosec (P) Ltd.","www.panaceainfosec.com","India, Bahrain, Kuwait, Nigeria, Oman, Qatar, Saudi Arabia, UAE, Kenya, Central Europe, South Africa, Australia, Bangladesh, Eastern Europe, Egypt, Hong Kong, Indonesia, Japan, Malaysia, Morocco, Nepal, New Zealand, Philippines, Singapore, South Korea, Sri Lanka, Thailand, Tunisia, USA, Vietnam, Myanmar","Ajay Kaushik (USA, Australia, Europe, New Zealand, Africa)  ajay@panaceainfosec.com  T +91-9810944187  Apurva Krishna Malviya (India, Asia Pacific, Middle East)  info@panaceainfosec.com T +91-9205786094 Sammy Njeru (Eastern Africa)  info@panaceainfosec.com T +254-720729971","Asia Pacific, Europe, USA, CEMEA","English, Hindi, Malayalam"
"Parameter Security","www.parametersecurity.com","USA","David Chronister qsa@parametersecurity.com T-314-442-0472 x501","LAC, USA","English"
"Parsons Government Services, Inc.","www.parsons.com","USA","Jason McHuen Jason.mcHuen@Parsons.com T - 703-740-6743","USA","English"
"Payment Card Forensics, Inc. (PCF)","www.pcf.co.jp","Japan","Shusaku Nozaki T-81-3-5463-0333 pcissc@pcf.co.jp","Asia Pacific","English, Japanese"
"Payment Software Company (PSC)","www.paysw.com","Asia Pacific, Europe, USA, Canada, UK","Tony Bates  tony@paysw.com T - 408-228-0961 x104 Colin Clark (UK, Europe, CEMEA) colin@paysw.com T-44-1753-727-066","Asia Pacific, CEMEA, Canada, Europe, LAC, USA","English, French, Romanian, Spanish"
"PC Connection, Inc.","www.valcomtechnology.com","USA","Stephen P. Nardone snardone@pccpro.com T-603.683.7846","USA","English"
"PCI Consulting Australia PTY, LTD","www.pciconsultingaustralia.com.au","Australia","Brent Loughton brent.loughton@pciconsultingaustralia.com.au T-61-433-273-033","Australia","English"
"PCM Sales","ww.pcm.com","USA","Tunde Odeleye  Tunde.Odeleye@pcm.com T- 614-859-0118","USA","English"
"Performance Technology Partners LLC","www.ptpinc.com","USA","Ronald Hamilton  ronald.hamilton@ptpinc.com T- +1-714-679-5563","USA","English"
"PGI Strontium Ltd","www.pgicyber.com/Products/PCI-DSS-3_0","UK","Paul Traill Paul.Traill@pgitl.com T: +44-7920 337446","Europe","English, French, German"
"Phillips Consulting Ltd.","www.phillipsconsulting.net","Nigeria","Oluwaseun Ngonnase  seunn@phillipsconsulting.net T-234-803-327-3290","CEMEA","English"
"Plante Moran","www.plantemoran.com","USA","Scott Petree  Scott.Petree@plantemoran.com T-248.233.3898","USA","English"
"Pointe Solutions","www.pointesolutionsinc.com","USA, Canada","Hugh Burke Hugh@pointesolutionsinc.com T  610-524-1230","USA","English"
"Pondurance, LLC","www.pondurance.com","USA","Dustin Hutchinson  dustin.hutchison@pondurance.com T-317-429-0029","USA","English"
"Praetorian Secure, LLC","www.praetoriansecure.com","USA","Brent Bernard pci_qsa@praetoriansecure.com T-1-855.519.7328","USA","English"
"Presidio Networked Solutions, Inc.","www.presidio.com","USA","David Manning dmanning@presidio.com T: 301.623.3164","USA","English"
"Price and Associates CPAs, LLC, dba A-LIGN","www.alignsecurity.com","USA","Peter Clarke sales@a-lign.com T- 888-702-5446","Canada, LAC, USA","English, Spanish"
"PricewaterhouseCoopers (PWC) -UK","www.uk.pwc.com","Europe","Ahsan Qureshi ahsan.qureshi@pwc.com +44 (0) 7955 501484","Europe","English"
"PricewaterhouseCoopers LLP (PWC)","www.pwc.com/ca/security","Canada","Adriana Gliga-Belavic adriana.gliga@pwc.com T: +1-416-815-5148","Canada","English, French"
"PricewaterhouseCoopers LLP - USA","www.pwc.com/us/security","USA","Pieter Penning  peter.penning@pwc.com T-678-419-1094","USA","English"
"Privasec Pty. Ltd","www.privasec.com.au","Australia","Prashant Haldankar Prashant.H@privasec.com.au +61431417822","Australia","English, Hindi, French"
"Privity Systems Inc.","www.privity.com","Canada","Shawn Chaput schaput@privity.com  T- 604-675-0200","Canada","English, Serbian"
"ProCheckUp Ltd","www.procheckup.com","UK","Edd Jones edd.jones@procheckup.com T: 0207 612 7777","Europe","English, German, Greek, Spanish"
"Project Ring, Inc., dba LEO Cyber Security","www.leocybersecurity.com","USA","Noah Weisberger noah.weisberger@leocybersecurity.com T: +1-303-875-1343","USA","English"
"Protiviti","www.protiviti.com","Asia Pacific, CEMEA, Europe, LAC, USA, Australia, China, France, Germany, Hong Kong, Ireland, Italy, Japan, Netherlands, Singapore, Spain, UK, Canada","Jeffrey Sanchez (USA, LAC) jeffrey.sanchez@protiviti.com T: +1-213-327-1433  Thomas Lemon (CEMEA, Europe) Thomas.Lemon@Protiviti.co.uk T: 44-207-024-7526  Enrico Ferretti enrico.ferretti@protiviti.com T: 39 06 420498.202  David Adamson (Australia) david.adamson@protiviti.com.au  T: 61.02.8220.9500  Michael Pang (Greater China) Michael.pang@protiviti.com T: +852-2238-0438  Nikhil Donde (India) Nikhil.Donde@protivitiglobal.in T: 91-22-6626-3345","Asia Pacific, CEMEA, Canada, Europe, LAC, USA","Chinese, English, German, Russian, Spanish, French, Arabic, Cantonese, Chinese (Mandarin), Dutch, Indonesian, Italian, Japanese, Urdu"
"Provadys","www.provadys.com","France","Luc Delpha pcissc@provadys.com T-33- 1 4699 9380","Europe","English, French"
"QRC Consulting & Solutions Private Limited","www.qrcsolutionz.com/","India","Vamsi Krishna Maramganti  VamsiKrishna.M@qrcsolutionz.com T: +91 932 481 3180","CEMEA, Europe, USA, India","English, Hindi, Telugu, Thai"
"Quantum Security Services Limited","www.quantumsecurity.co.nz","New Zealand","Eugene Gibney eugene@quantumsecurity.co.nz","New Zealand","English"
"Quinel M. Limited","www.quinel.com.mt/","Malta","Paolo Bisesti paolo.bisesti@quinel.com.mt T: +39 349487325","Europe","English, Hebrew, Italian, Russian, Spanish"
"Raymond Chabot Grant Thornton & Cie L.L.P.","http://www.rcgt.com/","Canada","Mathieu Lendick lendick.mathieu@rcgt.com T: 514-390-4176","Canada","English, French"
"Razor Thorn Security Ltd.","www.razorthorn.co.uk","UK","James Rees james.rees@razorthorn.co.uk T-44-01622-873242","Europe","English, Spanish"
"Redhawk Network Security, LLC","www.redhawksecurity.com","USA","James Wherry jim@redhawksecurity.com T: +1-541-382-4360 Ext. 1007","USA","English"
"Resources Connection LLC","www.accretivesolutions.com","USA","Maria Martindale mmartindale@accretivesolutions.com T- 1-214-739-1553","USA","English"
"Richard S. Carson & Associates","www.carsoninc.com","USA","Donna Ruginski RuginskiDL@CARSONINC.COM T: 301-841-0080","USA","English"
"Richter Advisory Group Inc.","www.rnankrimpen@richter.ca","Canada","Raymond Vankrimpen rvankrimpen@richter.ca T- 416-642-4833","Canada","English, French"
"Right Time Limited","www.righttime.biz","Bangladesh","Mohammad Tohidur Rahman Bhuiyan ceo.tohid@righttime.biz T-88-01714003040","Bangladesh","Bengali, English"
"Risk Associates Europe Ltd.","www.risk-associates.com","Australia, Pakistan, Saudi Arabia, UAE, Vietnam","Dr. Aftab Rizvi aftab.rizvi@risk-associates.com T: +61-417-023-037","Australia, CEMEA","English, Mandarin, Urdu, Vietnamese"
"Risk-X LLP (fka Pentest Partners Consulting LLP)","www.risk-x.co.uk","UK, South Africa, UAE","Steve Marshall steve.marshall@risk-x.co.uk  T-44-7770-352438","CEMEA, Europe","English, Spanish"
"RiskSense Inc.","www.risksense.com","USA","Mark Fidel mfidel@risksense.com 505-217-9422","USA","English"
"Rivington Information Security Ltd","www.rivingtoninformationsecurity.com","UK","David Ward dave.ward@rivingtoninformationsecurity.com T - +44 7872 587953","Europe","English"
"Rock Pte. Ltd.","www.rocksolutions.com.sg","Asia Pacific","Gwendyln Chong Shu Ling  gwen.chong@rocksolutions.com.sg T- 65 8147 0539","CEMEA, Asia Pacific","English, Chinese (Mandarin)"
"ROIS Co., Ltd.","www.rois.co.kr","Korea","Philhyuk Choi philhyuk.choi@rois.co.kr T: +82 2 780 1070","Korea","English, Korean, Japanese"
"RSI Systems Inc.","www.rsisecurity.com","USA","Rayna Kim (Korea, Asia) rayna@rsisecurity.com T: +1-858-999-3030  Dana Genyn (USA) pci@rsisecurity.com T: +1-858-999-3030","USA","English, Korean, Spanish"
"RSM US LLP","www.rsmmcgladrey.com","USA","Alan Gutierrez RSMPCIDSSSPOC@rsmus.com T +1 215-494-6622","Asia Pacific, Canada, Europe, LAC, USA","English, Portuguese, Spanish, Arabic, Hebrew"
"S21SEC Gestion, S.A.","www.s21sec.com","Mexico, Spain, Portugal","Fernando Postigo (Spain)  pci@s21sec.com  T- +34 902 222 521  Miguel Angel Hurtado Quiroz (Mexico)  mhurtado@s21sec.com  T- +52 (55) 4744 0736","LAC, Europe","English, Spanish, Portuguese"
"SC2Labs","www.sc2labs.com","Poland","Grzegorz Lendecki greg.landecki@sc2labs.com T-48-666-383-015","CEMEA, Europe","English, German, Polish"
"Schellman & Company, LLC","www.schellmanco.com/","USA","Jacob Ansari pci@BrightLine.com T: +1-866-254-0000 x139","Asia Pacific, CEMEA, Canada, Europe, LAC, USA","English"
"SD7 Technology Group, LLC","sd7.net","USA","Sherrie Nuttall sherrie@sd7.net T: +1-801-201-0944","USA","English"
"Sec-1 Ltd.","www.sec-1.com/article/77/The-Sec-1-QSA-Solution-for-PCI-DSS","UK","Matt Hawnt matth@sec-1.com T- 01924 284 240","Europe","English"
"Secure Logic Pty Ltd","www.sec-logic.com","Australia, China, Indonesia, Malaysia, Singapore, Thailand, Vietnam","General Enquiry (Australia, New Zealand, Asia) enquiry@securelogicgroup.com  Santosh Devraj (Australia &amp; New Zealand) SantoshD@securelogicgroup.com T-+61 2 90072111  Manju Devaraj (ASIA, Southeast Asia &amp; Northern Asia) manjud@securelogicgroup.com T- +91-9741630142","Asia Pacific","English, Bahasa Malaysia, Chinese, Hindi, Thai, Vietnamese"
"Secure Pro Inc.","secure-pro.co.jp/","Japan","Takayuki Okochi okochi@secure-pro.co.jp T- +81-90-8450-3187","Japan","English, Japanese"
"Secure Systems Innovation Corporation","securesystemscorp.com/","USA, Brazil","Kyle Ferguson kferguson@securesystemscorp.com T: +1-847-975-0115","LAC, USA","English, Portuguese, Spanish"
"Secure Technology Group","www.securetechnologygroup.com","USA","Todd Adelman T-617-448-4688 PCIadmin@securetechgroup.com","USA","English"
"Secured Net Solutions Inc.","www.securednet.ca","Canada","Steve Porter sporter@securednet.ca T-403-714-1801","USA, Canada","English"
"SecureWorks, Inc.","www.secureworks.com","USA","PCI Services pci@secureworks.com T-877-905-6661","Asia Pacific, Canada, Europe, USA","English"
"SecuriCentrix","www.securicentrix.com","Ireland, South Africa, France, Germany, India, Italy, Netherlands, Portugal, Spain, UK","David Steele David.steele@securicentrix.com +27 21 300 2785 (S. Africa) +353 1 901 0347 (Ireland)","Europe, CEMEA","English"
"Securious Limited","www.securious.co.uk","UK","Peter Woodward Pete@securious.co.uk T-+44 (0) 1392 247110","Europe","English"
"Securisea, Inc.","www.securisea.com","USA","Josh Daymont joshd@securisea.com T- 415-494-8215","Asia Pacific, USA","English"
"Security Centric Pty Ltd","www.securitycentric.com.au","Australia","Sasho Vasilevski Sash.Vasilevski@securitycentric.com.au T-61-2-91990011","Australia","English"
"Security Management Partners","www.smpone.com","USA","Peter Bamber  pbamber@smpone.com T-1-781-890-7671 X219","USA","English"
"Security Risk Advisors","www.securityriskadvisors.com","USA","Carl Angeloff carl.angeloff@securityriskadvisors.com T-+4129743333","USA","English"
"Security Risk Management","www.srm-solutions.com","Europe, UK","Brian Fenwick Brian.Fenwick@srm-solutions.com T- +44 (0)3450 21 21 51","Europe","English, Greek, French, Persian, Turkish, Azeri, Shona, Arabic, Dutch, Italian"
"Security Validation LLC","www.securityval.com","USA","David Durko david.durko@securityval.com T- 888-987-1335 x810","USA","English, Spanish"
"SecurityMetrics, Inc.","www.securitymetrics.com","Europe, USA","Jason Leland sales@securitymetrics.com T: +1-801-705-5656 Ian Eyles (Europe) ieyles@securitymetrics.com T: +44 (0) 7912 757951","Asia Pacific, CEMEA, Canada, Europe, LAC, USA","English, Spanish"
"Sense of Security Pty Ltd.","www.senseofsecurity.com.au","Australia","Murray Goldschmidt info@senseofsecurity.com.au T- 61-2-9290-4442","Australia","English"
"Sentek Consulting, Inc., dba Sentek Global","sentekglobal.com/","USA","Eric Basu ebasu@sentekglobal.com T: +1-619-543-9550","USA","English"
"Sentor Managed Security Services","www.sentor.se","Sweden","Mathias Elvang mathias.elvang@sentor.se T-+46707573033","Europe","English, French, Hebrew, Italian, Swedish"
"Sera-Brynn","www.sera-brynn.com","USA","Darek Dabbs darek.dabbs@sera-brynn.com T-855-514-6048","USA","English"
"Shearwater Solutions Pty Ltd","www.Shearwater.com.au","Australia","Damian Fawkner dfawkner@shearwater.com.au +61 (0) 412 626 803","New Zealand, Australia","English"
"SIA Grupo","www.sia.es","Spain, Portugal","Javier Jarauta +34 902 480 580 PCI-DSS@sia.es","Europe","English, Portuguese, Spanish, Catalan"
"Sikich LLP","www.403labs.com","USA","Brad Lutgen (USA and Europe) brad.lutgen@sikich.com T: +1-877-403-5227  Juan Pablo Cevasco (LAC) jcevasco@403labs.com +52 55 53514042","Europe, LAC, USA","English, French, Spanish"
"Silent Storm Security, LLC","www.silentstormsecurity.com","USA","Scott Pierangelo spierangelo@silentstormsecurity.com","USA","English, Spanish"
"Sirius Computer Solutions, Inc.","www.siriuscom.com","USA","Chris Hoke chris.hoke@siriuscom.com T: 402-431-6036.","USA","English"
"SISA","www.sisainfosec.com","Bahrain, Kuwait, Oman, Qatar, Saudi Arabia, UAE, India, Philippines, Japan, Australia, New Zealand, South Africa, Asia, Hong Kong, Singapore, Malaysia, Indonesia, Egypt, Thailand, South Korea, Vietnam, Abu-Dhabi, Asia Pacific, Dubai, USA, Central Europe, Middle East, Azerbaijan, Morocco, Nepal, Sri Lanka, UK, CEMEA, Bosnia-Herzegovina, Ethiopia, Georgia, Kenya, Mauritius, Myanmar, Tanzania, Uganda","Addy (USA and Canada) qsa@sisainfosec.com  T:+1-209-497-4604   Harvey (Europe) qsa@sisainfosec.com  T: +44-20-3874-1591  Yogesh (GCC and Middle East) qsa@sisainfosec.com  T: +973-3233-3856  Nitin (India, Sri Lanka, Africa, Nepal and Bangladesh) qsa@sisainfosec.com  T: +91-98208-85922   Kevin (Asia Pacific) qsa@sisainfosec.com T: +65 3163 1024","CEMEA, Canada, Europe, LAC, USA, Asia Pacific","English, Chinese, Japanese, Arabic, Bahasa Malaysia, Spanish, French, Russian"
"Sistemas Aplicativos, S.A.","www.sisap.com","Guatemala","Mauricio Nanne mauricio.nanne@sisap.com T-502-2410-4300","LAC","English, Spanish"
"Skoda Minotti Risk Advisory Services, LLC","www.assuranceconcepts.com","USA","Benjamin Osbrach osbrach@assuranceconcepts.com T-813-924-5404","USA","English"
"Slovenian Institute of Quality and Metrology, Ljubljana dba SIQ Ljubljana","www.siq.si/","Slovenia","Miha Ozimek miha.ozimek@siq.si T: +386 5 1674 396","Europe","Croatian, English, German, Italian, Serbian, Slovenian, Spanish"
"Sovereign Secure Ltd.","www.sovereignsecure.co.uk","UK","Paul Johnson pci@sovereignsecure.co.uk T-+44 (0) 161 298 9111","APAC, CEMEA","Arabic, English, Hindi, Urdu"
"Specialized Security Services, Inc.","www.s3security.com","USA","Steven Roth SVP, Business Development E: sroth@s3security.com  T: 972-338-9488","USA","English, Spanish"
"SRC Security Research & Consulting GmbH","www.src-gmbh.com","Germany","Thilo W.  Pannen Thilo.pannen@src-gmbh.de T  0049-228-2806-103","CEMEA, Europe","English, German, Polish, Russian"
"SSAE 16 Professionals, LLP","www.ssae16professionals.com","USA","Daniel Porter  Daniel.Porter@ssae16professionals.com t- 866-480-9485 x255","USA","English"
"Stickman Consulting","www.stickman.com.au","Australia, India","Ajay Unni (Australia) ajay.unni@stickman.com.au  T: +61 2 9146 4363  Clifford Fernandes (India)  clifford.fernandes@stickman.com.au  T: +91 97-38-838952","CEMEA, Asia Pacific","Arabic, Cantonese, English, Hindi, Kannada, Malyalam, Mandarin, Telugu"
"Stratica International PTY LTD","www.stratica.com.au","Australia","John Rundell John.rundell@stratica.com.au T  61 3 9660 5701","Australia","English, German, Hindi"
"Stroz Friedberg","www.strozllc.com","USA","Charles J. Dietzman cdietzman@strozfriedberg.com T: +1-347-283-4861","USA","English"
"Structured Communication Systems, Inc.","www.structured.com","USA","Robert Wayt rwayt@structured.com T- 1-503-513-9979","USA","English"
"Sungard Availability Services","www.sungardas.com","USA","Richard Hahn richard.hahn@sungardas.com  (206) 579-5397","USA","English, German, Swedish"
"Sword & Shield Enterprise Security, Inc.","swordshield.com/pci-compliance-services/","USA","Jack Dempsey jjd@swordshield.com","Canada, LAC, USA","English"
"Sylint Group","www.usinfosec.com","USA","Hillary McNeil pci@usinfosec.com T-1-(941) 951-6015","USA","English, Spanish"
"SynerComm, Inc","www.synercomm.com","USA","Brian Judd brian.judd@synercomm.com 1-262-373-7100","USA","English"
"Sysdream","www.sysdream.com","France","Oliver Franchi pci@sysdream.com T-33-178765-803","Europe","French, English"
"Sysnet Limited, dba Sysnet Global Solutions","www.sysnetgs.com","Ireland, South Africa, UK, Ukraine, USA, Latvia, Hungary, Lithuania, Romania, Slovakia, Bulgaria, Belarus, Croatia, Moldova, Russia, Slovenia, Albania, Bosnia-Herzegovina, Kosovo, Macedonia, Montenegro, Serbia, Austria, Belgium, Czech Republic, Denmark, Finland, France, Germany, Greece, Italy, Luxembourg, Netherlands, Norway, Poland, Portugal, Spain, Sweden, Ghana, Bahrain, Brazil, Canada, Egypt, Kuwait, Mexico, Nigeria, Qatar, Saudi Arabia, UAE, Ivory Coast, Mauritius","UK &amp; Ireland Chris Thompson   Chris.thompson@sysnetgs.com +44 (0) 7540 626 411   Western Europe James Devoy   James.Devoy@sysnetgs.com +44 (0)771 7777147  Central and Eastern Europe Krzysztof Olejniczak   krzysztof.olejniczak@sysnetgs.com +48 662 395 468  Middle East and Africa  Duncan Du Plessis  duncan.duplessis@sysnetgs.com +27 (0)83 629 7514  India  Parminder Lall Parminder.lall@sysnetgs.com +44 (0)7432 730425  USA and The Americas Jeff Montgomery jeff.montgomery@sysnetgs.com +1 (214) 659 1434  Mauritius and Indian Ocean Ashvin Dookhee Ashvin.dookhee@sysnetgs.com +230 5252 4708","CEMEA, LAC, USA, Europe","English, Finnish, French, German, Hindi, Polish, Russian, Serbian, Ukranian, Portuguese, Spanish"
"SystemExperts Corporation","www.systemexperts.com","USA","Jonathan Gossels Jon.gossels@systemexperts.com T-978-440-9388","USA","English"
"Tangible Software, Inc. (dba Tangible Security, Inc.)","www.tangiblesecurity.com","USA","Paul Hoppenjans phoppenjans@tangiblesecurity.com T: +1-800-913-9901 x1015","USA","English"
"Teamwork IMS","www.teamworkims.co.uk","UK","Bob Brown Bob.brown@teamworkims.co.uk T-44-7774277057","Europe","English"
"Tech Lock Incorporated","www.techlockinc.com","USA","Michael Wright mwright@techlockinc.com T: 847-245-3727","USA","English"
"Telstra Corporation Ltd","www.telstra.com.au/business-enterprise/solutions/security-services/security-consulting","Australia","David Ross  David.Ross.3@team.telstra.com T- +61 (0)7 3455 4611","Australia","English"
"TELUS Security Solutions","www.telus.com/pci","Canada","Kim Schreader Kim.schreader@telus.com M: 613-809-3681","Canada","English, French"
"Terra Verde LLC","www.terraverdeservices.com","USA","Edward Vasko  PCI@terraverdeservices.com T-877-707-7997 X4","USA","English"
"Tevora Business Solutions, Inc.","www.tevora.com","USA, Brazil","Ray Zadjmool (USA) cisp@tevora.com T: (949)250.3290 ext.11 Eduardo Machado (LAC) cisp@tevora.com T: (11) 3063 6111","Europe, LAC, USA","English, Portuguese, Spanish"
"Thales Transport & Security (Hong Kong) Ltd.","www.thales-esecurity.com","Hong Kong, China, Indonesia, Malaysia, Singapore, Thailand","Henry Ng henry.ng@thales-esecurity.com T- 852-2534-6625","Asia Pacific","English, Chinese (Cantonese), Chinese (Mandarin), Bahasa (Malaya/Indonesian)"
"The Herjavec Group Inc.","www.herjavecgroup.com","Canada","Bob Steadman Rsteadman@herjavecgroup.com 416-488-1272","USA, Canada","English"
"Three Factor, LLC","www.3factor.com","USA","Spyro Malaspinas spyro@3factor.com 520-250-7777","USA","English, Spanish"
"Triskele Labs","www.triskelelabs.com","Australia","Nick Morgan  Nick.morgan@triskelelabs.com T- +61421489301 T- +1300743443","Australia","English"
"True Digital Security, Inc.","www.truedigitalsecurity.com","USA","Jerald Dawkins jdawkins@truedigitalsecurity.com T - 918-770-7700 x101","USA","English"
"TruShield Security Solutions, Inc.","www.trushieldinc.com","USA","Robert Smith  pci@trushieldinc.com T: +1-877-583-2841 ext 1","USA","English"
"TrustedSec, LLC","www.trustedsec.com","USA","Justin Leapline pci@trustedsec.com","USA","English"
"Trustnet","www.trustnetinc.com","USA","Trevor Horwitz trevor.horwitz@trustnetinc.com T- 678-296-3814","USA","English"
"Trustwave Holdings, Inc.","www.trustwave.com","Australia, Brazil, Canada, China, India, Ireland, Singapore, South Africa, Sweden, UK, USA, France, Russia, Bangladesh, Hong Kong, Indonesia, Japan, Korea, Macau, Malaysia, Nepal, New Zealand, Pakistan, Philippines, Sri Lanka, Taiwan, Thailand, Vietnam, Mongolia, Poland, Ukraine, Belarus, Kazakhstan, Kyrgyzstan, Tajikistan, Turkmenistan, Uzbekistan, Armenia, Azerbaijan, Moldova, Germany, Georgia, Austria, Czech Republic, Hungary, Switzerland, Slovakia, Argentina, Bahrain, Belgium, Bulgaria, Chile, Colombia, Costa Rica, Croatia, Denmark, Dominican Republic, Ecuador, Estonia, Finland, Greece, Guatemala, Israel, Italy, Jordan, Kuwait, Latvia, Lebanon, Lithuania, Luxembourg, Macedonia, Mexico, Montenegro, Netherlands, Norway, Oman, Panama, Paraguay, Peru, Portugal, Puerto Rico, Qatar, Romania, Saudi Arabia, Serbia, Slovenia, South Korea, Spain, Turkey, UAE, Uruguay, Bermuda, Burma, Honduras, Jamaica, Nicaragua, Trinidad","infosales@trustwave.com (USA and Canada)   T +1 (888) 878-7817   infosales@trustwave.com (Europe, Middle East, Africa)   T +44 (0) 845 456 9611   infosales@trustwave.com (Latin America)   T +55 (11) 4064-6101   infosales@trustwave.com (Australia &amp; New Zealand) T: +61 (0) 2 9236 4200  infosales@trustwave.com (Colombia) +57 (1) 658 5928  infosales@trustwave.com (India + Sub continent)   T: +91 22 4090 7358    infosales@trustwave.com (Mexico)   T: +52 (55) 3600 7525  infosales@trustwave.com (North Asia)   T: +852 2251 8924  infosales@trustwave.com (Southeast Asia) T: +65 6823 1516","Asia Pacific, CEMEA, Canada, LAC, USA, Europe","Afrikaans, English, French, German, Greek, Hindi, Hungarian, Italian, Japanese, Korean, Portuguese, Russian, Spanish, Swedish, Taiwanese, Urdu, Polish, Icelandic, Bahasa (Malaya/Indonesian), Cantonese, Kannada, Latvian, Mandarin, Marathi, Norwegian, Romanian, Telugu, Xhosa, Zulu"
"Truvantis, Inc.","www.truvantis.com","USA","Andy Cottrell andy.cottrell@truvantis.com T-415-422-9844","USA","English"
"TUV Rheinland Indonesia, PT","www.tuv.com","Asia Pacific, Australia, India, Indonesia, Japan, Malaysia, Philippines, Singapore, Taiwan, Thailand, Cambodia, China, Hong Kong, Korea, Oman, Russia, Saudi Arabia, UAE, Vietnam","Abdul Qohar abdul.qohar@tuv.com  + 62 21 8379 5571","Asia Pacific","Chinese, English, French, German, Japanese, Korean, Spanish"
"TUV SUD Sec-IT GmbH","www.tuev-sued.de","Germany, Switzerland","Peter Sakal pci@tuev-sued.de T-49-711-787464-0","CEMEA, Europe","English, German"
"Ubitrak","www.ubitrak.com","Canada","Christian Richard  crichard@ubitrak.com T-1-514-999-9657","Canada","English, French Canadian"
"UHY LLP","www.uhy-us.com","USA","David A. King, II dking@uhy-us.com T - 678 602 4435","USA","English"
"UL Transaction Security PTY Ltd.","www.ul-ts.com","Asia, Japan, Australia, China, New Zealand, Hong Kong, Singapore, South Korea","Shimul Noor shimul.noor@ul.com T: +61 3 8592 1215","Asia Pacific","Cantonese, English, Japanese, Mandarin, Korean"
"Ultima Risk Management LTD","www.ultimariskmanagement.com","UK","Geraint Williams T-44-118-9027450 gwilliams@ultimariskmanagement.com","Europe","English"
"United Data Technologies, Inc.","udtonline.com/","USA","Mike Sanchez Mike.Sanchez@udtonline.com T: +1-786-364-6072","LAC, USA, Canada","English, Portuguese, Spanish"
"Urbane Security","www.urbanesecurity.com","USA","Erin Jacobs QSA@urbanesecurity.com T-1-312-970-0317","Europe, USA","English"
"usd AG","www.usd.de","Germany","Christopher Kristes pci@usd.de T +49 6102 8631-90","CEMEA, USA, Europe","English, German, French, Polish, Russian, Spanish"
"Vaco Risk Solutions","www.vaco.com","USA","Brian Prentice pci@vaco.com 901-333-2250","Canada, LAC, USA","English, Mandarin, Spanish"
"ValueMentor InfoSec Private Limited","www.valuementor.com/","India, UAE, Abu-Dhabi, Africa, Bahrain, Central Europe, Dubai, Eastern Europe, Egypt, Kuwait, Oman, Qatar, Saudi Arabia, USA","Binoy  (USA) pci@valuementor.com  T:+1-409-210-9000   Vinod -  (GCC and Middle East)  pci@valuementor.com  T:+971-5-6757-3555  Jobbin -  (India) pci@valuementor.com  T: +91- 974 5767 949","USA, CEMEA","English, Hindi, Kannada, Malyalam, Tamil, Arabic"
"Vectra Corporation Ltd.","www.vectra-corp.com","Asia, Australia","Mike Ryan (Australia) Mike.Ryan@vectra-corp.com T  61-8-8208-0800","Asia Pacific","English"
"Vectra Information Security","www.VectraInfoSecurity.com","Singapore, Asia Pacific","Clara Lim Clara.Lim@vectrainfosecurity.com +65 9322 4008","Asia Pacific","English"
"Verizon/CyberTrust","www.verizonenterprise.com/products/security/security-professional-services/","Australia, Canada, China, Denmark, Finland, France, Germany, Hong Kong, Hungary, India, Indonesia, Ireland, Italy, Japan, Luxembourg, Malaysia, Netherlands, Norway, Philippines, Saudi Arabia, Singapore, South Korea, Sweden, Taiwan, Thailand, UAE, UK, USA, Vietnam, Spain","Eric Jolent (CEMEA)   eric.jolent@intl.verizon.com   +43 1 727 14 8662  Ronald Tosto (USA, Canada, LAC) ronald.tosto@one.verizon.com +1 415 683 9734 Sébastien Mazas (Asia, Australia, New-Zealand, Africa, Eastern Europe)   sebastien.mazas@verizon.com  Tel: +61 (0) 424 295 489   Gabriel Leperlier (France, Italy, Spain)   gabriel.leperlier@intl.verizon.com   +33 6 13 43 04 72   Ian White (UK, Ireland, Middle-East)   ian.white@intl.verizon.com   +44 118 905 7177  Rein van Koten (Nordics, Netherlands, Germany, Austria, Luxemburg, Switzerland, Belgium)  Rein.vankoten@nl.verizon.com + 31 655 787 495","CEMEA, Canada, Europe, LAC, USA, Asia Pacific","Afrikaans, Arabic, Cantonese, Chinese, Dutch, English, Finnish, French, German, Hebrew, Indian, Indonesian, Italian, Japanese, Korean, Malaysian, Chinese (Mandarin), Portuguese, Romanian, Russian, Spanish, Turkish"
"Versatile Solutions Ltd. (VERSOS)","www.versos.com.sa/","Jordan, Saudi Arabia, Bahrain, Kuwait, Oman, Qatar, Saudi Arabia, UAE","Ahmed Abdelaziz   pci-qsa@versos.com.sa T: +966 5530 53845","CEMEA","Arabic, English"
"VISTA InfoSec Private Limited","www.vistainfosec.com/","Canada, Dubai, India, Oman, Singapore, Thailand, USA","Narendra S Sahoo narendra.sahoo@vistainfosec.com M:+91-9820223497","Asia Pacific","Arabic, Chinese, English, Hindi, Japanese, Korean, Russian"
"VOC Consultancy","www.voc-consultancy.nl","Netherlands","Richard van Oeffel rvanoeffel@voc-consultancy.nl T  31-63-011-6367","Europe, CEMEA","Dutch, English, Bosnian, Croatian, Montenegro, Serbian"
"Ward Solutions Limited","www.ward.ie/","Ireland","Pat Larkin pat.larkin@ward.ie","Europe","English"
"Weaver and Tidwell, L.L.P.","www.weaver.com","USA","Brian Thomas  brian.thomas@weaver.com  T- 713-800-1050","Asia Pacific, Canada, Europe, LAC, USA","English"
"Websolv Computing, Inc dba ecfirst.com","www.ecfirst.com","USA","Ben Miller Ben.Miller@ecfirst.com T- 515-661-2381","USA","English"
"WestNet Consulting Services, Inc.","www.cfila.com","USA","Vardan Balyan vardan@westnet.la T-+1-818 288 8282","USA","Armenian, English, Russian"
"Wolf & Company, P.C.","www.wolfandco.com","USA","Michael Kanarellis mkanarellis@wolfandco.com T +1 (617) 428-5408","USA","English"
"Worldline International (Malaysia) Sdn. Bhd.","www.worldline.com","Malaysia, Indonesia","James Ng james.ng@worldline.com T-603-2084-5503","Asia Pacific","Cantonese, English, Malay, Mandarin, Indonesian"
"Xcina Consulting Limited","www.xcina.co.uk/consulting/","UK","Sarah Hunt sarah.hunt@xcina.co.uk T: +44 (0)20 3102 7620","Europe","English, Arabic, Greek"
"XMCO Partners","www.xmco.fr","France","Julien Meyer julien.meyer@xmco.fr T: +33 (0)1 47 34 68 61","Australia, Taiwan, Europe","English, French"
"Xynexis International","www.xynexis.com","Indonesia","Eva Noor eva.noor@xynexis.com T-62-21-39834116","Indonesia",""
"Zacco A/S","www.zacco.com","Denmark, Sweden","Pierr Davidsson pierre.davidsson@zacco.com T: +46 709 45 63 54","Europe","Danish, English, German, Norwegian, Swedish"

